Pair,AMM ID,LP Mint,LP Supply Pre,LP Snapshot,Total Vault Loss Base,Total Vault Loss Quote,need_take_pnl Base,need_take_pnl Quote, Total Base LP Loss,Total Quote LP Loss,Avg Loss Base,Avg Loss Quote,Vault Total Loss,Loss Per LP (est.),Total LP $ Loss,Loss $ LP Token,
SOL-USDC,58oQChx4yWmvKdwLLZzBi4ChoCc2fqCUWBkwMihLYQo2,8HoQnePLqPj4M7PUDzfw8e3Ymdwgc7NLGnaTUapubyvu,"101,159",101155.1115,"108,927.30","1,458,002.2","2,049.52542","24,468.66607","106,877.77","1,433,533.51",-1.057,-14.172,"-$2,916,004.35",-$28.82595,"-$2,867,067.01",-$28.3422,"-$2,867,067.0147"
RAY-USDC,6UmmUiYoBjSrhakAobJw8BvkmJtDVxaeBtbt7rxWo1mg,FbC6K13MzHvN42bXrtGaWsvZY9fxrackRSZcBGfjPc7m,"807,039",807038.6852,"810,690.4","141,897.7","33,392.95677","6,923.02059","777,297.42","134,974.68",-0.963,-0.167,"-$283,795.40",-$0.35165,"-$269,949.36",-$0.3345,"-$269,949.3594"
RAY-SOL,AVs9TA4nWDzfPJE9gGVNJMVhcQy3V9PGazuz33BfG2RA,89ZKE4aoyfLBe2RuV6jM3JGNhaV18Nxh8eNtjRcndBip,"1,965,564",1964547.073,"652,386.3","8,522.2","55,482.63000","1,020.68062","596,903.67","7,501.54",-0.304,-0.004,"-$228,140.02",-$0.11607,"-$204,329.84",-$0.1040,"-$204,329.8434"
RAY-USDT,DVa7Qmb5ct9RCpaU7UTpSaf3GVMYz17vNVU67XpdCRut,C3sT1R3nsw4AVdepvLTLKr5Gvszr7jufyBWUCvy4TUvT,"519,026",519026.4416,"416,561.7","72,620.3","15,196.35537","3,372.94081","401,365.38","69,247.37",-0.773,-0.133,"-$145,240.61",-$0.27983,"-$138,494.73",-$0.2668,"-$138,494.7307"
SOL-USDT,7XawhbbxtsRcQA8KTkHT9f9nc6d69UwqCDh6U5EEbEmX,Epm4KfTj4DMrvqn6Bwg2Tr2N8vhQuNbuK8bESFp4k33K,"12,002",12001.61527,"2,830.5","37,807.1",332.64293,"4,261.56354","2,497.88","33,545.56",-0.208,-2.795,"-$75,614.24",-$6.30014,"-$67,091.11",-$5.5900,"-$67,091.1108"
stSOL-USDC,6a1CsrpeZubDjEJE9s1CMVheB6HWM5d7m1cj2jkhyXhj,HDUJMwYZkjUZre63xUeDhdCi8c6LgUDiBqxmP3QC3VPX,"8,262",8262.978581,"3,214.1","46,163.4",119.64213,"1,581.84726","3,094.48","44,581.60",-0.375,-5.395,"-$92,326.90",-$11.17489,"-$89,163.20",-$10.7920,"-$89,163.2005"
whETH-USDC,EoNrn8iUhwgJySD1pHu8Qxm5gSQqLK3za4m8xzD2RuEb,3529SBnMCDW3S3xQ52aABbRHo7PcHvpQA4no8J12L5eK,159,158.7532766,39.3,"47,611.7",6.12556,"6,886.31522",33.13,"40,725.36",-0.209,-256.532,"-$95,223.36",-$599.83219,"-$81,450.73",-$513.0755,"-$81,450.7279"
ZBC-USDC,AceAyRTWt4PyB2pHqf2qhDgNZDtKVNaxgL8Ru3V4aN1P,AJ236J6tLen18QW8t7XLAaELyUjg57HcQgSq33aH8Qkq,"81,244,289",81244289.73,"9,758,647.2","167,066.1","564,858.33540","12,404.43746","9,193,788.87","154,661.68",-0.113,-0.002,"-$334,132.23",-$0.00411,"-$309,323.35",-$0.0038,"-$309,323.3517"
UXP-USDC,6tmFJbMk5yVHFcFy7X2K8RwHjKLr6KVFLYXpgpBNeAxB,AyuurXCCF2KdYTURbN3JsDKzZFZSiRqKc8UcZnrgBsGm,"42,870,072",42870072.59,"21,068,507.5","123,362.5","60,005.25888","2,704.87223","21,008,502.22","120,657.59",-0.490,-0.003,"-$246,724.93",-$0.00576,"-$241,315.19",-$0.0056,"-$241,315.1888"
