Pair,Base Vault Total,Quote Vault Total,Implied Price,Total Loss
SOL-USDC,"108,927.26","1,458,002.17",13.3851,"$2,916,004.35 "
RAY-USDC,"810,690.38","141,897.70",0.175,"$283,795.40 "
RAY-SOL,"652,386.30","8,522.22",0.1749,"$228,140.02 "
RAY-USDT,"416,561.73","72,620.31",0.1743,"$145,240.61 "
SOL-USDT,"2,830.52","37,807.12",13.3569,"$75,614.24 "
stSOL-USDC,"3,214.12","46,163.45",14.3627,"$92,326.90 "
whETH-USDC,39.25,"47,611.68",1212.9838,"$95,223.36 "
ZBC-USDC,"9,758,647.20","167,066.11",0.0171,"$334,132.23 "
UXP-USDC,"21,068,507.48","123,362.47",0.0059,"$246,724.93 "
