Pair,LP Base Total,LP Quote Total,Implied Price,LP Loss
SOL-USDC,"106,877.77","1,433,533.51",13.4128,"$2,867,067.01 "
RAY-USDC,"777,297.42","134,974.68",0.1736,"$269,949.36 "
RAY-SOL,"596,903.67","7,501.54",0.1712,"$204,329.84 "
RAY-USDT,"401,365.38","69,247.37",0.1725,"$138,494.73 "
SOL-USDT,"2,497.88","33,545.56",13.4296,"$67,091.11 "
stSOL-USDC,"3,094.48","44,581.60",14.4068,"$89,163.20 "
whETH-USDC,33.13,"40,725.36",1229.4026,"$81,450.73 "
ZBC-USDC,"9,193,788.87","154,661.68",0.0168,"$309,323.35 "
UXP-USDC,"21,008,502.22","120,657.59",0.0057,"$241,315.19 "
