vault_pda,vault_name,SUM of lp_tokens,Avg Loss Base,Avg Loss Quote,Amount Owed Base,Amount Owed Quote,coin_account,TXN,pc_account,TXN,expected_authority (DO NOT SEND DIRECTLY TO THIS ADDRESS)
3WQLfwxviExezVMp31GLXLEwAE5CiqQU4PrSe7ZBYr3g,RAY-SOL,12453.62567,-0.303680607,-0.00381846,"3,781.92",47.5537,9SwZE9za5DAPj7fuWXAottUjnHXE3HBjZDJwV2GwhbiF,"3hQuNopQioTjLX2eabTs8bFDrMY1otSndQnCi4wxfxAz1VT7Mb32ruhNkwzMejU5cZsERPiUWZBfTRoTXvKmiqos

2GvpFMvFSXxPqfF6nzVsb4s43rV8U5GvnQBH85e5AbASa9ZBxetc1D3TDwBUtnSccHDu2NF67EseVgfcZatRkiDm",H4EEaRXPEordxGdEYhLxEK6QuZ3V4meCShtLvhQonf89,"eCH49MPVHyiJ3WdNDoAtYfjkBRh97EYvVreqixC47RaNt8U3FXeiPeLJmrvyLMptnZUi2XJaQCMWquNNdhb6jjm

2xE1p72j8s74UzP5AP4Ay4Z3FTgSwZ3e72SSvcPkoVNhSivrsvAf3FTbQpxAvZ6yrFimntchkBcTobNwyWm4xkeK",3WQLfwxviExezVMp31GLXLEwAE5CiqQU4PrSe7ZBYr3g
38dsJ6n4y6ffCDSZXhYYiMXQCgfzqHK5XSytL2fApeGc,RAY-USDC,18288.04744,-0.963147286,-0.167246852,"17,614.08","3,058.62",4RRgVYHNna3J3ezsNyzzHjJNevdrA7wYaZCUBwC3Jz2F,"4tYXpXVaoKsg9N4Ud1BjPmXGqA3QSwJXmPef9xqDS4W82zcLun7EwAyJZ6k9LgX4o7CTUD7ZA9JW822czs64obWn

3jXaEkQUJXEsW3ZTkWhzydVQCJDQdSJQ6bmdH4NwV9Qbs9X9av99YzhRFzaUgWoEdt11bx6xGFfdh4MvqF5F9RRT",EXUGjwyRDEZuL956dE6rprgHyDgKYTkyhTAYz8GgJD18,j9VbdAn3grrWpGwU7qzVmQ7vTHLu47TZ2u7EzsAqAS1NCYew4h6QuEo6ykUFC9mq2YMuzuHnudUDBrnArGbg27q,38dsJ6n4y6ffCDSZXhYYiMXQCgfzqHK5XSytL2fApeGc
9jUJCfHEAxo1hU44g1QKfNfYBD5ctmwtdPFM7xLQKdPG,RAY-USDT,29277.59422,-0.773304958,-0.133417799,"22,640.51","3,906.15",9runaagkFEmAZ1bfMYvFHgLXzWaXgBskFTbo3apvMcA5,FKJ2n6Vhbc228rFGbPveKUsgpuNKEMwBgDmuhrLTkSWijfqWF2TFnDxbJmSJcpQTCEre3iPM9qJXnipqAZjhZiU,CVM1DQ7kcQhj8TGCp4Q9pVgLG362RTGUbCiu4Wpxj6qx,4TfrubygPyvDPU1ueTxrtQ96ck64jehsrLpQpBDPJXnmo8pgvUZtuSMF8cgUGrBWPV4sft8Agma9UTZLmttjXpa4,9jUJCfHEAxo1hU44g1QKfNfYBD5ctmwtdPFM7xLQKdPG
AP3vn3Uenkw4v8fwDwkffcpQQAsidqSugz2MKYKfrAPp,SOL-USDC,396.9760691,-1.056532534,-14.17163687,419.4181,"5,625.80",39qkYEh87bzUkr3f8Mc6DH74gbVvkXmA3Ems9HpFsFsL,2ZJgKfCX6qHgLeVjYkdXmks7qnu1sJr8RLTC926u1fk7sGfJYwWLeWQbxgeVwc5hckhCsAdNTqvzCn9AGpW48evk,6RTfpgf2Vqd17nqpo5eYbM6b8QStsdhL3Gfv6RrLyPDa,4fhtchG5vjMC3EpcKLy2PKEUU3N4rbHdwR8fvKvtGvCRnesEHKSmHXQe8vRciLXwSAcmFLZN5JAG58Wee5cwq4Qh,AP3vn3Uenkw4v8fwDwkffcpQQAsidqSugz2MKYKfrAPp
2KzWNQwPYb21yqCdKTKqpGR9dXafmJo4JMhifVoSZJhi,SOL-USDT,230.2775755,-0.208122121,-2.795086714,47.9259,643.6458,HwbgKeErTTADejJwxuHCF2SwS3iSc8dK4gSAtXHvaGTq,4ieJbNJE4pQquFMz37qojyvKPhQRTSMxWvpRZ3B7fhtjesSoAVpdoTdejA8m8A8DLV3ruvmg7kJMHNCR9Zwvfqrj,FvmePpiUjypqdPzpmWB25sSErJf5JXxMtmcKgQfet5yH,2iU13pWDVYcPayBztN4Yp87TkjCJGrLyLdYkWSP6LAeHpDBmFrNduZTjKzAgsK6u5oc8tj6Hmix7TPzpKU2Mvg3x,2KzWNQwPYb21yqCdKTKqpGR9dXafmJo4JMhifVoSZJhi
GhiJT82E6YutkjxRN3oVmqurTo2tpcqtgLLYWqndNiYD,stSOL-USDC,19.21513942,-0.374543615,-5.395342589,7.1969,103.6723,9B2ygmrg5gJpGtuHX3XGTghmgyVrbdPbYAQbK42HWqSg,63RE5pBWQxQZKaUD5pbXZRfhiJrqJv9N94SHg3WyRnasnmtN37ZMZxMWEQjLYNmrAkuLastVS6g9iDLhXjv6zB4N,9Me4VcFwZx85CrZmpCZrGtG4MsdxfHJ3dUw9aSf4Lukj,1uhuav9tCYDpBAs3CdVUG6ERUbbf9JD1vhNjQoj1eGjb7CbGUTZEPasVrnHa4FwgghGLsC8Bze1o5m2tGic3saX,GhiJT82E6YutkjxRN3oVmqurTo2tpcqtgLLYWqndNiYD
5mRu5qUA2HVimHjwXLMwAc3YmoZY2iWwPgpwpsopbY9e,whETH-USDC,1.20833993,-0.208668602,-256.5324308,0.2521,309.9784,NbYj6qPoFPEBttJW7Y2qXUQDpkHAKApGrJjS1cfsXxq,331yH5ana3ZeADwKq6mVi6zvYkq5dgHisvM1b4ZvqSVc9kstV7bFK87SxDANxRfLv9pHow2AmeHtBkFYEFBSJ2o2,Db8oAaTHAMgdqjX7PFdZLAP7MMdojeJ8dopVLsiAuC2R,3nMFHgjtGEgd7ojoGmpzqkqG8NdfFbAJD8FLKoqKyNfEYwaZ6BEdS8YGbD4aUBjAUhUXJS4bpzTdYhYnTyLX2iiF,5mRu5qUA2HVimHjwXLMwAc3YmoZY2iWwPgpwpsopbY9e
,Grand Total,60666.94445,,,,,,,,,
,,,,,,,,,,,
,,,,,,,,,,,
,,,,,,,,,,,
,"Computed against the sum of all leveraged, non liquidated LPs from average loss per LP calculations: https://github.com/raydium-io/dec_16_exploit/blob/master/Overview%20Calculations.csv",,,,,,,,,,
